"ID","Process ID","Process Name","Host Name","Kernel Name","Context","Stream","Block Size","Grid Size","Device","CC","Section Name","Metric Name","Metric Unit","Metric Value"
"0","48450","benchmark_operators","127.0.0.1","void cuda_parallel_launch_constant_memory<ParallelFor<EpsilonDivDivSimple<double, 3>, MDRangePolicy<Rank<4, 0, 0>>, Cuda>>()","1","16","(32, 2, 2)","(128, 128, 128)","0","9.0","Command line profiler metrics","dram__bytes.sum","byte","13,818,815,429,888"
"0","48450","benchmark_operators","127.0.0.1","void cuda_parallel_launch_constant_memory<ParallelFor<EpsilonDivDivSimple<double, 3>, MDRangePolicy<Rank<4, 0, 0>>, Cuda>>()","1","16","(32, 2, 2)","(128, 128, 128)","0","9.0","Command line profiler metrics","dram__bytes_read.sum","byte","5,233,645,606,400"
"0","48450","benchmark_operators","127.0.0.1","void cuda_parallel_launch_constant_memory<ParallelFor<EpsilonDivDivSimple<double, 3>, MDRangePolicy<Rank<4, 0, 0>>, Cuda>>()","1","16","(32, 2, 2)","(128, 128, 128)","0","9.0","Command line profiler metrics","dram__bytes_write.sum","byte","8,585,169,823,488"
"0","48450","benchmark_operators","127.0.0.1","void cuda_parallel_launch_constant_memory<ParallelFor<EpsilonDivDivSimple<double, 3>, MDRangePolicy<Rank<4, 0, 0>>, Cuda>>()","1","16","(32, 2, 2)","(128, 128, 128)","0","9.0","Command line profiler metrics","gpu__time_duration.sum","ns","46,883,296,032"
"0","48450","benchmark_operators","127.0.0.1","void cuda_parallel_launch_constant_memory<ParallelFor<EpsilonDivDivSimple<double, 3>, MDRangePolicy<Rank<4, 0, 0>>, Cuda>>()","1","16","(32, 2, 2)","(128, 128, 128)","0","9.0","Command line profiler metrics","launch__registers_per_thread","register/thread","255"
"0","48450","benchmark_operators","127.0.0.1","void cuda_parallel_launch_constant_memory<ParallelFor<EpsilonDivDivSimple<double, 3>, MDRangePolicy<Rank<4, 0, 0>>, Cuda>>()","1","16","(32, 2, 2)","(128, 128, 128)","0","9.0","Command line profiler metrics","launch__shared_mem_per_block_allocated","byte/block","1,024"
"0","48450","benchmark_operators","127.0.0.1","void cuda_parallel_launch_constant_memory<ParallelFor<EpsilonDivDivSimple<double, 3>, MDRangePolicy<Rank<4, 0, 0>>, Cuda>>()","1","16","(32, 2, 2)","(128, 128, 128)","0","9.0","Command line profiler metrics","lts__t_bytes.sum","byte","231,563,287,093,408"
"0","48450","benchmark_operators","127.0.0.1","void cuda_parallel_launch_constant_memory<ParallelFor<EpsilonDivDivSimple<double, 3>, MDRangePolicy<Rank<4, 0, 0>>, Cuda>>()","1","16","(32, 2, 2)","(128, 128, 128)","0","9.0","Command line profiler metrics","smsp__sass_thread_inst_executed_op_dadd_pred_on.sum","inst","4,833,012,613,120"
"0","48450","benchmark_operators","127.0.0.1","void cuda_parallel_launch_constant_memory<ParallelFor<EpsilonDivDivSimple<double, 3>, MDRangePolicy<Rank<4, 0, 0>>, Cuda>>()","1","16","(32, 2, 2)","(128, 128, 128)","0","9.0","Command line profiler metrics","smsp__sass_thread_inst_executed_op_dfma_pred_on.sum","inst","28,730,311,311,360"
"0","48450","benchmark_operators","127.0.0.1","void cuda_parallel_launch_constant_memory<ParallelFor<EpsilonDivDivSimple<double, 3>, MDRangePolicy<Rank<4, 0, 0>>, Cuda>>()","1","16","(32, 2, 2)","(128, 128, 128)","0","9.0","Command line profiler metrics","smsp__sass_thread_inst_executed_op_dmul_pred_on.sum","inst","2,440,246,067,200"
"1","48450","benchmark_operators","127.0.0.1","void cuda_parallel_launch_constant_memory<ParallelFor<EpsilonDivDiv<double, 3>, MDRangePolicy<Rank<4, 0, 0>>, Cuda>>()","1","16","(32, 2, 2)","(128, 128, 128)","0","9.0","Command line profiler metrics","dram__bytes.sum","byte","29,568,608,610,048"
"1","48450","benchmark_operators","127.0.0.1","void cuda_parallel_launch_constant_memory<ParallelFor<EpsilonDivDiv<double, 3>, MDRangePolicy<Rank<4, 0, 0>>, Cuda>>()","1","16","(32, 2, 2)","(128, 128, 128)","0","9.0","Command line profiler metrics","dram__bytes_read.sum","byte","8,489,350,915,072"
"1","48450","benchmark_operators","127.0.0.1","void cuda_parallel_launch_constant_memory<ParallelFor<EpsilonDivDiv<double, 3>, MDRangePolicy<Rank<4, 0, 0>>, Cuda>>()","1","16","(32, 2, 2)","(128, 128, 128)","0","9.0","Command line profiler metrics","dram__bytes_write.sum","byte","21,079,257,694,976"
"1","48450","benchmark_operators","127.0.0.1","void cuda_parallel_launch_constant_memory<ParallelFor<EpsilonDivDiv<double, 3>, MDRangePolicy<Rank<4, 0, 0>>, Cuda>>()","1","16","(32, 2, 2)","(128, 128, 128)","0","9.0","Command line profiler metrics","gpu__time_duration.sum","ns","28,396,038,848"
"1","48450","benchmark_operators","127.0.0.1","void cuda_parallel_launch_constant_memory<ParallelFor<EpsilonDivDiv<double, 3>, MDRangePolicy<Rank<4, 0, 0>>, Cuda>>()","1","16","(32, 2, 2)","(128, 128, 128)","0","9.0","Command line profiler metrics","launch__registers_per_thread","register/thread","255"
"1","48450","benchmark_operators","127.0.0.1","void cuda_parallel_launch_constant_memory<ParallelFor<EpsilonDivDiv<double, 3>, MDRangePolicy<Rank<4, 0, 0>>, Cuda>>()","1","16","(32, 2, 2)","(128, 128, 128)","0","9.0","Command line profiler metrics","launch__shared_mem_per_block_allocated","byte/block","1,024"
"1","48450","benchmark_operators","127.0.0.1","void cuda_parallel_launch_constant_memory<ParallelFor<EpsilonDivDiv<double, 3>, MDRangePolicy<Rank<4, 0, 0>>, Cuda>>()","1","16","(32, 2, 2)","(128, 128, 128)","0","9.0","Command line profiler metrics","lts__t_bytes.sum","byte","152,674,886,558,912"
"1","48450","benchmark_operators","127.0.0.1","void cuda_parallel_launch_constant_memory<ParallelFor<EpsilonDivDiv<double, 3>, MDRangePolicy<Rank<4, 0, 0>>, Cuda>>()","1","16","(32, 2, 2)","(128, 128, 128)","0","9.0","Command line profiler metrics","smsp__sass_thread_inst_executed_op_dadd_pred_on.sum","inst","1,449,719,234,560"
"1","48450","benchmark_operators","127.0.0.1","void cuda_parallel_launch_constant_memory<ParallelFor<EpsilonDivDiv<double, 3>, MDRangePolicy<Rank<4, 0, 0>>, Cuda>>()","1","16","(32, 2, 2)","(128, 128, 128)","0","9.0","Command line profiler metrics","smsp__sass_thread_inst_executed_op_dfma_pred_on.sum","inst","9,097,634,119,680"
"1","48450","benchmark_operators","127.0.0.1","void cuda_parallel_launch_constant_memory<ParallelFor<EpsilonDivDiv<double, 3>, MDRangePolicy<Rank<4, 0, 0>>, Cuda>>()","1","16","(32, 2, 2)","(128, 128, 128)","0","9.0","Command line profiler metrics","smsp__sass_thread_inst_executed_op_dmul_pred_on.sum","inst","2,120,986,132,480"
"2","48450","benchmark_operators","127.0.0.1","void cuda_parallel_launch_constant_memory<ParallelFor<epsdivdiv_history::EpsilonDivDivKerngenV01Initial<double, 3>, MDRangePolicy<Rank<4, 0, 0>>, Cuda>>()","1","16","(32, 2, 2)","(128, 128, 128)","0","9.0","Command line profiler metrics","dram__bytes.sum","byte","6,370,552,146,688"
"2","48450","benchmark_operators","127.0.0.1","void cuda_parallel_launch_constant_memory<ParallelFor<epsdivdiv_history::EpsilonDivDivKerngenV01Initial<double, 3>, MDRangePolicy<Rank<4, 0, 0>>, Cuda>>()","1","16","(32, 2, 2)","(128, 128, 128)","0","9.0","Command line profiler metrics","dram__bytes_read.sum","byte","3,070,679,000,576"
"2","48450","benchmark_operators","127.0.0.1","void cuda_parallel_launch_constant_memory<ParallelFor<epsdivdiv_history::EpsilonDivDivKerngenV01Initial<double, 3>, MDRangePolicy<Rank<4, 0, 0>>, Cuda>>()","1","16","(32, 2, 2)","(128, 128, 128)","0","9.0","Command line profiler metrics","dram__bytes_write.sum","byte","3,299,873,146,112"
"2","48450","benchmark_operators","127.0.0.1","void cuda_parallel_launch_constant_memory<ParallelFor<epsdivdiv_history::EpsilonDivDivKerngenV01Initial<double, 3>, MDRangePolicy<Rank<4, 0, 0>>, Cuda>>()","1","16","(32, 2, 2)","(128, 128, 128)","0","9.0","Command line profiler metrics","gpu__time_duration.sum","ns","12,062,652,576"
"2","48450","benchmark_operators","127.0.0.1","void cuda_parallel_launch_constant_memory<ParallelFor<epsdivdiv_history::EpsilonDivDivKerngenV01Initial<double, 3>, MDRangePolicy<Rank<4, 0, 0>>, Cuda>>()","1","16","(32, 2, 2)","(128, 128, 128)","0","9.0","Command line profiler metrics","launch__registers_per_thread","register/thread","255"
"2","48450","benchmark_operators","127.0.0.1","void cuda_parallel_launch_constant_memory<ParallelFor<epsdivdiv_history::EpsilonDivDivKerngenV01Initial<double, 3>, MDRangePolicy<Rank<4, 0, 0>>, Cuda>>()","1","16","(32, 2, 2)","(128, 128, 128)","0","9.0","Command line profiler metrics","launch__shared_mem_per_block_allocated","byte/block","1,024"
"2","48450","benchmark_operators","127.0.0.1","void cuda_parallel_launch_constant_memory<ParallelFor<epsdivdiv_history::EpsilonDivDivKerngenV01Initial<double, 3>, MDRangePolicy<Rank<4, 0, 0>>, Cuda>>()","1","16","(32, 2, 2)","(128, 128, 128)","0","9.0","Command line profiler metrics","lts__t_bytes.sum","byte","63,617,597,378,080"
"2","48450","benchmark_operators","127.0.0.1","void cuda_parallel_launch_constant_memory<ParallelFor<epsdivdiv_history::EpsilonDivDivKerngenV01Initial<double, 3>, MDRangePolicy<Rank<4, 0, 0>>, Cuda>>()","1","16","(32, 2, 2)","(128, 128, 128)","0","9.0","Command line profiler metrics","smsp__sass_thread_inst_executed_op_dadd_pred_on.sum","inst","700,490,711,040"
"2","48450","benchmark_operators","127.0.0.1","void cuda_parallel_launch_constant_memory<ParallelFor<epsdivdiv_history::EpsilonDivDivKerngenV01Initial<double, 3>, MDRangePolicy<Rank<4, 0, 0>>, Cuda>>()","1","16","(32, 2, 2)","(128, 128, 128)","0","9.0","Command line profiler metrics","smsp__sass_thread_inst_executed_op_dfma_pred_on.sum","inst","2,746,561,331,200"
"2","48450","benchmark_operators","127.0.0.1","void cuda_parallel_launch_constant_memory<ParallelFor<epsdivdiv_history::EpsilonDivDivKerngenV01Initial<double, 3>, MDRangePolicy<Rank<4, 0, 0>>, Cuda>>()","1","16","(32, 2, 2)","(128, 128, 128)","0","9.0","Command line profiler metrics","smsp__sass_thread_inst_executed_op_dmul_pred_on.sum","inst","1,111,286,087,680"
"3","48450","benchmark_operators","127.0.0.1","void cuda_parallel_launch_constant_memory<ParallelFor<epsdivdiv_history::EpsilonDivDivKerngenV02SplitDimij<double, 3>, MDRangePolicy<Rank<4, 0, 0>>, Cuda>>()","1","16","(32, 2, 2)","(128, 128, 128)","0","9.0","Command line profiler metrics","dram__bytes.sum","byte","6,294,444,373,248"
"3","48450","benchmark_operators","127.0.0.1","void cuda_parallel_launch_constant_memory<ParallelFor<epsdivdiv_history::EpsilonDivDivKerngenV02SplitDimij<double, 3>, MDRangePolicy<Rank<4, 0, 0>>, Cuda>>()","1","16","(32, 2, 2)","(128, 128, 128)","0","9.0","Command line profiler metrics","dram__bytes_read.sum","byte","3,470,385,385,216"
"3","48450","benchmark_operators","127.0.0.1","void cuda_parallel_launch_constant_memory<ParallelFor<epsdivdiv_history::EpsilonDivDivKerngenV02SplitDimij<double, 3>, MDRangePolicy<Rank<4, 0, 0>>, Cuda>>()","1","16","(32, 2, 2)","(128, 128, 128)","0","9.0","Command line profiler metrics","dram__bytes_write.sum","byte","2,824,058,988,032"
"3","48450","benchmark_operators","127.0.0.1","void cuda_parallel_launch_constant_memory<ParallelFor<epsdivdiv_history::EpsilonDivDivKerngenV02SplitDimij<double, 3>, MDRangePolicy<Rank<4, 0, 0>>, Cuda>>()","1","16","(32, 2, 2)","(128, 128, 128)","0","9.0","Command line profiler metrics","gpu__time_duration.sum","ns","4,862,855,424"
"3","48450","benchmark_operators","127.0.0.1","void cuda_parallel_launch_constant_memory<ParallelFor<epsdivdiv_history::EpsilonDivDivKerngenV02SplitDimij<double, 3>, MDRangePolicy<Rank<4, 0, 0>>, Cuda>>()","1","16","(32, 2, 2)","(128, 128, 128)","0","9.0","Command line profiler metrics","launch__registers_per_thread","register/thread","255"
"3","48450","benchmark_operators","127.0.0.1","void cuda_parallel_launch_constant_memory<ParallelFor<epsdivdiv_history::EpsilonDivDivKerngenV02SplitDimij<double, 3>, MDRangePolicy<Rank<4, 0, 0>>, Cuda>>()","1","16","(32, 2, 2)","(128, 128, 128)","0","9.0","Command line profiler metrics","launch__shared_mem_per_block_allocated","byte/block","1,024"
"3","48450","benchmark_operators","127.0.0.1","void cuda_parallel_launch_constant_memory<ParallelFor<epsdivdiv_history::EpsilonDivDivKerngenV02SplitDimij<double, 3>, MDRangePolicy<Rank<4, 0, 0>>, Cuda>>()","1","16","(32, 2, 2)","(128, 128, 128)","0","9.0","Command line profiler metrics","lts__t_bytes.sum","byte","12,035,105,350,112"
"3","48450","benchmark_operators","127.0.0.1","void cuda_parallel_launch_constant_memory<ParallelFor<epsdivdiv_history::EpsilonDivDivKerngenV02SplitDimij<double, 3>, MDRangePolicy<Rank<4, 0, 0>>, Cuda>>()","1","16","(32, 2, 2)","(128, 128, 128)","0","9.0","Command line profiler metrics","smsp__sass_thread_inst_executed_op_dadd_pred_on.sum","inst","144,593,387,520"
"3","48450","benchmark_operators","127.0.0.1","void cuda_parallel_launch_constant_memory<ParallelFor<epsdivdiv_history::EpsilonDivDivKerngenV02SplitDimij<double, 3>, MDRangePolicy<Rank<4, 0, 0>>, Cuda>>()","1","16","(32, 2, 2)","(128, 128, 128)","0","9.0","Command line profiler metrics","smsp__sass_thread_inst_executed_op_dfma_pred_on.sum","inst","990,301,388,800"
"3","48450","benchmark_operators","127.0.0.1","void cuda_parallel_launch_constant_memory<ParallelFor<epsdivdiv_history::EpsilonDivDivKerngenV02SplitDimij<double, 3>, MDRangePolicy<Rank<4, 0, 0>>, Cuda>>()","1","16","(32, 2, 2)","(128, 128, 128)","0","9.0","Command line profiler metrics","smsp__sass_thread_inst_executed_op_dmul_pred_on.sum","inst","214,863,708,160"
"4","48450","benchmark_operators","127.0.0.1","void cuda_parallel_launch_constant_memory<ParallelFor<epsdivdiv_history::EpsilonDivDivKerngenV03TeamsPrecomp<double, 3>, MDRangePolicy<Rank<3, 0, 0>>, Cuda>>()","1","16","(16, 2, 2)","(1, 128, 128)","0","9.0","Command line profiler metrics","dram__bytes.sum","byte","140,778,496"
"4","48450","benchmark_operators","127.0.0.1","void cuda_parallel_launch_constant_memory<ParallelFor<epsdivdiv_history::EpsilonDivDivKerngenV03TeamsPrecomp<double, 3>, MDRangePolicy<Rank<3, 0, 0>>, Cuda>>()","1","16","(16, 2, 2)","(1, 128, 128)","0","9.0","Command line profiler metrics","dram__bytes_read.sum","byte","30,245,632"
"4","48450","benchmark_operators","127.0.0.1","void cuda_parallel_launch_constant_memory<ParallelFor<epsdivdiv_history::EpsilonDivDivKerngenV03TeamsPrecomp<double, 3>, MDRangePolicy<Rank<3, 0, 0>>, Cuda>>()","1","16","(16, 2, 2)","(1, 128, 128)","0","9.0","Command line profiler metrics","dram__bytes_write.sum","byte","110,532,864"
"4","48450","benchmark_operators","127.0.0.1","void cuda_parallel_launch_constant_memory<ParallelFor<epsdivdiv_history::EpsilonDivDivKerngenV03TeamsPrecomp<double, 3>, MDRangePolicy<Rank<3, 0, 0>>, Cuda>>()","1","16","(16, 2, 2)","(1, 128, 128)","0","9.0","Command line profiler metrics","gpu__time_duration.sum","ns","287,392"
"4","48450","benchmark_operators","127.0.0.1","void cuda_parallel_launch_constant_memory<ParallelFor<epsdivdiv_history::EpsilonDivDivKerngenV03TeamsPrecomp<double, 3>, MDRangePolicy<Rank<3, 0, 0>>, Cuda>>()","1","16","(16, 2, 2)","(1, 128, 128)","0","9.0","Command line profiler metrics","launch__registers_per_thread","register/thread","88"
"4","48450","benchmark_operators","127.0.0.1","void cuda_parallel_launch_constant_memory<ParallelFor<epsdivdiv_history::EpsilonDivDivKerngenV03TeamsPrecomp<double, 3>, MDRangePolicy<Rank<3, 0, 0>>, Cuda>>()","1","16","(16, 2, 2)","(1, 128, 128)","0","9.0","Command line profiler metrics","launch__shared_mem_per_block_allocated","byte/block","1,024"
"4","48450","benchmark_operators","127.0.0.1","void cuda_parallel_launch_constant_memory<ParallelFor<epsdivdiv_history::EpsilonDivDivKerngenV03TeamsPrecomp<double, 3>, MDRangePolicy<Rank<3, 0, 0>>, Cuda>>()","1","16","(16, 2, 2)","(1, 128, 128)","0","9.0","Command line profiler metrics","lts__t_bytes.sum","byte","1,010,088,768"
"4","48450","benchmark_operators","127.0.0.1","void cuda_parallel_launch_constant_memory<ParallelFor<epsdivdiv_history::EpsilonDivDivKerngenV03TeamsPrecomp<double, 3>, MDRangePolicy<Rank<3, 0, 0>>, Cuda>>()","1","16","(16, 2, 2)","(1, 128, 128)","0","9.0","Command line profiler metrics","smsp__sass_thread_inst_executed_op_dadd_pred_on.sum","inst","24,903,680"
"4","48450","benchmark_operators","127.0.0.1","void cuda_parallel_launch_constant_memory<ParallelFor<epsdivdiv_history::EpsilonDivDivKerngenV03TeamsPrecomp<double, 3>, MDRangePolicy<Rank<3, 0, 0>>, Cuda>>()","1","16","(16, 2, 2)","(1, 128, 128)","0","9.0","Command line profiler metrics","smsp__sass_thread_inst_executed_op_dfma_pred_on.sum","inst","28,835,840"
"4","48450","benchmark_operators","127.0.0.1","void cuda_parallel_launch_constant_memory<ParallelFor<epsdivdiv_history::EpsilonDivDivKerngenV03TeamsPrecomp<double, 3>, MDRangePolicy<Rank<3, 0, 0>>, Cuda>>()","1","16","(16, 2, 2)","(1, 128, 128)","0","9.0","Command line profiler metrics","smsp__sass_thread_inst_executed_op_dmul_pred_on.sum","inst","28,835,840"
"5","48450","benchmark_operators","127.0.0.1","void cuda_parallel_launch_constant_memory<ParallelFor<epsdivdiv_history::EpsilonDivDivKerngenV03TeamsPrecomp<double, 3>, TeamPolicy<>, Cuda>>()","1","16","(1, 128, 1)","(1310720, 1, 1)","0","9.0","Command line profiler metrics","dram__bytes.sum","byte","108,603,499,008"
"5","48450","benchmark_operators","127.0.0.1","void cuda_parallel_launch_constant_memory<ParallelFor<epsdivdiv_history::EpsilonDivDivKerngenV03TeamsPrecomp<double, 3>, TeamPolicy<>, Cuda>>()","1","16","(1, 128, 1)","(1310720, 1, 1)","0","9.0","Command line profiler metrics","dram__bytes_read.sum","byte","14,065,127,680"
"5","48450","benchmark_operators","127.0.0.1","void cuda_parallel_launch_constant_memory<ParallelFor<epsdivdiv_history::EpsilonDivDivKerngenV03TeamsPrecomp<double, 3>, TeamPolicy<>, Cuda>>()","1","16","(1, 128, 1)","(1310720, 1, 1)","0","9.0","Command line profiler metrics","dram__bytes_write.sum","byte","94,538,371,328"
"5","48450","benchmark_operators","127.0.0.1","void cuda_parallel_launch_constant_memory<ParallelFor<epsdivdiv_history::EpsilonDivDivKerngenV03TeamsPrecomp<double, 3>, TeamPolicy<>, Cuda>>()","1","16","(1, 128, 1)","(1310720, 1, 1)","0","9.0","Command line profiler metrics","gpu__time_duration.sum","ns","309,437,440"
"5","48450","benchmark_operators","127.0.0.1","void cuda_parallel_launch_constant_memory<ParallelFor<epsdivdiv_history::EpsilonDivDivKerngenV03TeamsPrecomp<double, 3>, TeamPolicy<>, Cuda>>()","1","16","(1, 128, 1)","(1310720, 1, 1)","0","9.0","Command line profiler metrics","launch__registers_per_thread","register/thread","255"
"5","48450","benchmark_operators","127.0.0.1","void cuda_parallel_launch_constant_memory<ParallelFor<epsdivdiv_history::EpsilonDivDivKerngenV03TeamsPrecomp<double, 3>, TeamPolicy<>, Cuda>>()","1","16","(1, 128, 1)","(1310720, 1, 1)","0","9.0","Command line profiler metrics","launch__shared_mem_per_block_allocated","byte/block","2,304"
"5","48450","benchmark_operators","127.0.0.1","void cuda_parallel_launch_constant_memory<ParallelFor<epsdivdiv_history::EpsilonDivDivKerngenV03TeamsPrecomp<double, 3>, TeamPolicy<>, Cuda>>()","1","16","(1, 128, 1)","(1310720, 1, 1)","0","9.0","Command line profiler metrics","lts__t_bytes.sum","byte","1,317,614,789,408"
"5","48450","benchmark_operators","127.0.0.1","void cuda_parallel_launch_constant_memory<ParallelFor<epsdivdiv_history::EpsilonDivDivKerngenV03TeamsPrecomp<double, 3>, TeamPolicy<>, Cuda>>()","1","16","(1, 128, 1)","(1310720, 1, 1)","0","9.0","Command line profiler metrics","smsp__sass_thread_inst_executed_op_dadd_pred_on.sum","inst","80,315,678,720"
"5","48450","benchmark_operators","127.0.0.1","void cuda_parallel_launch_constant_memory<ParallelFor<epsdivdiv_history::EpsilonDivDivKerngenV03TeamsPrecomp<double, 3>, TeamPolicy<>, Cuda>>()","1","16","(1, 128, 1)","(1310720, 1, 1)","0","9.0","Command line profiler metrics","smsp__sass_thread_inst_executed_op_dfma_pred_on.sum","inst","221,860,331,520"
"5","48450","benchmark_operators","127.0.0.1","void cuda_parallel_launch_constant_memory<ParallelFor<epsdivdiv_history::EpsilonDivDivKerngenV03TeamsPrecomp<double, 3>, TeamPolicy<>, Cuda>>()","1","16","(1, 128, 1)","(1310720, 1, 1)","0","9.0","Command line profiler metrics","smsp__sass_thread_inst_executed_op_dmul_pred_on.sum","inst","51,697,418,240"
"6","48450","benchmark_operators","127.0.0.1","void cuda_parallel_launch_constant_memory<ParallelFor<epsdivdiv_history::EpsilonDivDivKerngenV04ShmemCoords<double, 3>, TeamPolicy<>, Cuda>>()","1","16","(1, 128, 1)","(1310720, 1, 1)","0","9.0","Command line profiler metrics","dram__bytes.sum","byte","22,644,449,024"
"6","48450","benchmark_operators","127.0.0.1","void cuda_parallel_launch_constant_memory<ParallelFor<epsdivdiv_history::EpsilonDivDivKerngenV04ShmemCoords<double, 3>, TeamPolicy<>, Cuda>>()","1","16","(1, 128, 1)","(1310720, 1, 1)","0","9.0","Command line profiler metrics","dram__bytes_read.sum","byte","9,871,538,432"
"6","48450","benchmark_operators","127.0.0.1","void cuda_parallel_launch_constant_memory<ParallelFor<epsdivdiv_history::EpsilonDivDivKerngenV04ShmemCoords<double, 3>, TeamPolicy<>, Cuda>>()","1","16","(1, 128, 1)","(1310720, 1, 1)","0","9.0","Command line profiler metrics","dram__bytes_write.sum","byte","12,772,910,592"
"6","48450","benchmark_operators","127.0.0.1","void cuda_parallel_launch_constant_memory<ParallelFor<epsdivdiv_history::EpsilonDivDivKerngenV04ShmemCoords<double, 3>, TeamPolicy<>, Cuda>>()","1","16","(1, 128, 1)","(1310720, 1, 1)","0","9.0","Command line profiler metrics","gpu__time_duration.sum","ns","94,510,176"
"6","48450","benchmark_operators","127.0.0.1","void cuda_parallel_launch_constant_memory<ParallelFor<epsdivdiv_history::EpsilonDivDivKerngenV04ShmemCoords<double, 3>, TeamPolicy<>, Cuda>>()","1","16","(1, 128, 1)","(1310720, 1, 1)","0","9.0","Command line profiler metrics","launch__registers_per_thread","register/thread","255"
"6","48450","benchmark_operators","127.0.0.1","void cuda_parallel_launch_constant_memory<ParallelFor<epsdivdiv_history::EpsilonDivDivKerngenV04ShmemCoords<double, 3>, TeamPolicy<>, Cuda>>()","1","16","(1, 128, 1)","(1310720, 1, 1)","0","9.0","Command line profiler metrics","launch__shared_mem_per_block_allocated","byte/block","2,304"
"6","48450","benchmark_operators","127.0.0.1","void cuda_parallel_launch_constant_memory<ParallelFor<epsdivdiv_history::EpsilonDivDivKerngenV04ShmemCoords<double, 3>, TeamPolicy<>, Cuda>>()","1","16","(1, 128, 1)","(1310720, 1, 1)","0","9.0","Command line profiler metrics","lts__t_bytes.sum","byte","316,350,184,224"
"6","48450","benchmark_operators","127.0.0.1","void cuda_parallel_launch_constant_memory<ParallelFor<epsdivdiv_history::EpsilonDivDivKerngenV04ShmemCoords<double, 3>, TeamPolicy<>, Cuda>>()","1","16","(1, 128, 1)","(1310720, 1, 1)","0","9.0","Command line profiler metrics","smsp__sass_thread_inst_executed_op_dadd_pred_on.sum","inst","13,086,228,480"
"6","48450","benchmark_operators","127.0.0.1","void cuda_parallel_launch_constant_memory<ParallelFor<epsdivdiv_history::EpsilonDivDivKerngenV04ShmemCoords<double, 3>, TeamPolicy<>, Cuda>>()","1","16","(1, 128, 1)","(1310720, 1, 1)","0","9.0","Command line profiler metrics","smsp__sass_thread_inst_executed_op_dfma_pred_on.sum","inst","191,171,133,440"
"6","48450","benchmark_operators","127.0.0.1","void cuda_parallel_launch_constant_memory<ParallelFor<epsdivdiv_history::EpsilonDivDivKerngenV04ShmemCoords<double, 3>, TeamPolicy<>, Cuda>>()","1","16","(1, 128, 1)","(1310720, 1, 1)","0","9.0","Command line profiler metrics","smsp__sass_thread_inst_executed_op_dmul_pred_on.sum","inst","77,518,602,240"
"7","48450","benchmark_operators","127.0.0.1","void cuda_parallel_launch_constant_memory<ParallelFor<epsdivdiv_history::EpsilonDivDivKerngenV05ShmemSrcK<double, 3>, TeamPolicy<>, Cuda>>()","1","16","(1, 128, 1)","(1310720, 1, 1)","0","9.0","Command line profiler metrics","dram__bytes.sum","byte","16,724,510,208"
"7","48450","benchmark_operators","127.0.0.1","void cuda_parallel_launch_constant_memory<ParallelFor<epsdivdiv_history::EpsilonDivDivKerngenV05ShmemSrcK<double, 3>, TeamPolicy<>, Cuda>>()","1","16","(1, 128, 1)","(1310720, 1, 1)","0","9.0","Command line profiler metrics","dram__bytes_read.sum","byte","9,735,631,104"
"7","48450","benchmark_operators","127.0.0.1","void cuda_parallel_launch_constant_memory<ParallelFor<epsdivdiv_history::EpsilonDivDivKerngenV05ShmemSrcK<double, 3>, TeamPolicy<>, Cuda>>()","1","16","(1, 128, 1)","(1310720, 1, 1)","0","9.0","Command line profiler metrics","dram__bytes_write.sum","byte","6,988,879,104"
"7","48450","benchmark_operators","127.0.0.1","void cuda_parallel_launch_constant_memory<ParallelFor<epsdivdiv_history::EpsilonDivDivKerngenV05ShmemSrcK<double, 3>, TeamPolicy<>, Cuda>>()","1","16","(1, 128, 1)","(1310720, 1, 1)","0","9.0","Command line profiler metrics","gpu__time_duration.sum","ns","64,663,776"
"7","48450","benchmark_operators","127.0.0.1","void cuda_parallel_launch_constant_memory<ParallelFor<epsdivdiv_history::EpsilonDivDivKerngenV05ShmemSrcK<double, 3>, TeamPolicy<>, Cuda>>()","1","16","(1, 128, 1)","(1310720, 1, 1)","0","9.0","Command line profiler metrics","launch__registers_per_thread","register/thread","108"
"7","48450","benchmark_operators","127.0.0.1","void cuda_parallel_launch_constant_memory<ParallelFor<epsdivdiv_history::EpsilonDivDivKerngenV05ShmemSrcK<double, 3>, TeamPolicy<>, Cuda>>()","1","16","(1, 128, 1)","(1310720, 1, 1)","0","9.0","Command line profiler metrics","launch__shared_mem_per_block_allocated","byte/block","18,816"
"7","48450","benchmark_operators","127.0.0.1","void cuda_parallel_launch_constant_memory<ParallelFor<epsdivdiv_history::EpsilonDivDivKerngenV05ShmemSrcK<double, 3>, TeamPolicy<>, Cuda>>()","1","16","(1, 128, 1)","(1310720, 1, 1)","0","9.0","Command line profiler metrics","lts__t_bytes.sum","byte","217,668,191,072"
"7","48450","benchmark_operators","127.0.0.1","void cuda_parallel_launch_constant_memory<ParallelFor<epsdivdiv_history::EpsilonDivDivKerngenV05ShmemSrcK<double, 3>, TeamPolicy<>, Cuda>>()","1","16","(1, 128, 1)","(1310720, 1, 1)","0","9.0","Command line profiler metrics","smsp__sass_thread_inst_executed_op_dadd_pred_on.sum","inst","15,427,174,400"
"7","48450","benchmark_operators","127.0.0.1","void cuda_parallel_launch_constant_memory<ParallelFor<epsdivdiv_history::EpsilonDivDivKerngenV05ShmemSrcK<double, 3>, TeamPolicy<>, Cuda>>()","1","16","(1, 128, 1)","(1310720, 1, 1)","0","9.0","Command line profiler metrics","smsp__sass_thread_inst_executed_op_dfma_pred_on.sum","inst","184,156,160,000"
"7","48450","benchmark_operators","127.0.0.1","void cuda_parallel_launch_constant_memory<ParallelFor<epsdivdiv_history::EpsilonDivDivKerngenV05ShmemSrcK<double, 3>, TeamPolicy<>, Cuda>>()","1","16","(1, 128, 1)","(1310720, 1, 1)","0","9.0","Command line profiler metrics","smsp__sass_thread_inst_executed_op_dmul_pred_on.sum","inst","77,518,602,240"
"8","48450","benchmark_operators","127.0.0.1","void cuda_parallel_launch_constant_memory<ParallelFor<epsdivdiv_history::EpsilonDivDivKerngenV06XyTiling<double, 3>, TeamPolicy<>, Cuda>>()","1","16","(1, 128, 1)","(1310720, 1, 1)","0","9.0","Command line profiler metrics","dram__bytes.sum","byte","51,211,027,456"
"8","48450","benchmark_operators","127.0.0.1","void cuda_parallel_launch_constant_memory<ParallelFor<epsdivdiv_history::EpsilonDivDivKerngenV06XyTiling<double, 3>, TeamPolicy<>, Cuda>>()","1","16","(1, 128, 1)","(1310720, 1, 1)","0","9.0","Command line profiler metrics","dram__bytes_read.sum","byte","12,252,494,592"
"8","48450","benchmark_operators","127.0.0.1","void cuda_parallel_launch_constant_memory<ParallelFor<epsdivdiv_history::EpsilonDivDivKerngenV06XyTiling<double, 3>, TeamPolicy<>, Cuda>>()","1","16","(1, 128, 1)","(1310720, 1, 1)","0","9.0","Command line profiler metrics","dram__bytes_write.sum","byte","38,958,532,864"
"8","48450","benchmark_operators","127.0.0.1","void cuda_parallel_launch_constant_memory<ParallelFor<epsdivdiv_history::EpsilonDivDivKerngenV06XyTiling<double, 3>, TeamPolicy<>, Cuda>>()","1","16","(1, 128, 1)","(1310720, 1, 1)","0","9.0","Command line profiler metrics","gpu__time_duration.sum","ns","71,821,408"
"8","48450","benchmark_operators","127.0.0.1","void cuda_parallel_launch_constant_memory<ParallelFor<epsdivdiv_history::EpsilonDivDivKerngenV06XyTiling<double, 3>, TeamPolicy<>, Cuda>>()","1","16","(1, 128, 1)","(1310720, 1, 1)","0","9.0","Command line profiler metrics","launch__registers_per_thread","register/thread","88"
"8","48450","benchmark_operators","127.0.0.1","void cuda_parallel_launch_constant_memory<ParallelFor<epsdivdiv_history::EpsilonDivDivKerngenV06XyTiling<double, 3>, TeamPolicy<>, Cuda>>()","1","16","(1, 128, 1)","(1310720, 1, 1)","0","9.0","Command line profiler metrics","launch__shared_mem_per_block_allocated","byte/block","9,984"
"8","48450","benchmark_operators","127.0.0.1","void cuda_parallel_launch_constant_memory<ParallelFor<epsdivdiv_history::EpsilonDivDivKerngenV06XyTiling<double, 3>, TeamPolicy<>, Cuda>>()","1","16","(1, 128, 1)","(1310720, 1, 1)","0","9.0","Command line profiler metrics","lts__t_bytes.sum","byte","377,183,412,896"
"8","48450","benchmark_operators","127.0.0.1","void cuda_parallel_launch_constant_memory<ParallelFor<epsdivdiv_history::EpsilonDivDivKerngenV06XyTiling<double, 3>, TeamPolicy<>, Cuda>>()","1","16","(1, 128, 1)","(1310720, 1, 1)","0","9.0","Command line profiler metrics","smsp__sass_thread_inst_executed_op_dadd_pred_on.sum","inst","25,454,182,400"
"8","48450","benchmark_operators","127.0.0.1","void cuda_parallel_launch_constant_memory<ParallelFor<epsdivdiv_history::EpsilonDivDivKerngenV06XyTiling<double, 3>, TeamPolicy<>, Cuda>>()","1","16","(1, 128, 1)","(1310720, 1, 1)","0","9.0","Command line profiler metrics","smsp__sass_thread_inst_executed_op_dfma_pred_on.sum","inst","174,129,152,000"
"8","48450","benchmark_operators","127.0.0.1","void cuda_parallel_launch_constant_memory<ParallelFor<epsdivdiv_history::EpsilonDivDivKerngenV06XyTiling<double, 3>, TeamPolicy<>, Cuda>>()","1","16","(1, 128, 1)","(1310720, 1, 1)","0","9.0","Command line profiler metrics","smsp__sass_thread_inst_executed_op_dmul_pred_on.sum","inst","77,518,602,240"
"9","48450","benchmark_operators","127.0.0.1","void cuda_parallel_launch_constant_memory<ParallelFor<epsdivdiv_history::EpsilonDivDivKerngenV07SplitPaths<double, 3>::apply_impl(const linalg::VectorQ1Vec<double, 3> &, linalg::VectorQ1Vec<double, 3> &)::[lambda(const CudaTeamMember &) (instance 2)], TeamPolicy<>, Cuda>>()","1","16","(1, 128, 1)","(1310720, 1, 1)","0","9.0","Command line profiler metrics","dram__bytes.sum","byte","51,229,952,768"
"9","48450","benchmark_operators","127.0.0.1","void cuda_parallel_launch_constant_memory<ParallelFor<epsdivdiv_history::EpsilonDivDivKerngenV07SplitPaths<double, 3>::apply_impl(const linalg::VectorQ1Vec<double, 3> &, linalg::VectorQ1Vec<double, 3> &)::[lambda(const CudaTeamMember &) (instance 2)], TeamPolicy<>, Cuda>>()","1","16","(1, 128, 1)","(1310720, 1, 1)","0","9.0","Command line profiler metrics","dram__bytes_read.sum","byte","12,270,349,312"
"9","48450","benchmark_operators","127.0.0.1","void cuda_parallel_launch_constant_memory<ParallelFor<epsdivdiv_history::EpsilonDivDivKerngenV07SplitPaths<double, 3>::apply_impl(const linalg::VectorQ1Vec<double, 3> &, linalg::VectorQ1Vec<double, 3> &)::[lambda(const CudaTeamMember &) (instance 2)], TeamPolicy<>, Cuda>>()","1","16","(1, 128, 1)","(1310720, 1, 1)","0","9.0","Command line profiler metrics","dram__bytes_write.sum","byte","38,959,603,456"
"9","48450","benchmark_operators","127.0.0.1","void cuda_parallel_launch_constant_memory<ParallelFor<epsdivdiv_history::EpsilonDivDivKerngenV07SplitPaths<double, 3>::apply_impl(const linalg::VectorQ1Vec<double, 3> &, linalg::VectorQ1Vec<double, 3> &)::[lambda(const CudaTeamMember &) (instance 2)], TeamPolicy<>, Cuda>>()","1","16","(1, 128, 1)","(1310720, 1, 1)","0","9.0","Command line profiler metrics","gpu__time_duration.sum","ns","71,523,328"
"9","48450","benchmark_operators","127.0.0.1","void cuda_parallel_launch_constant_memory<ParallelFor<epsdivdiv_history::EpsilonDivDivKerngenV07SplitPaths<double, 3>::apply_impl(const linalg::VectorQ1Vec<double, 3> &, linalg::VectorQ1Vec<double, 3> &)::[lambda(const CudaTeamMember &) (instance 2)], TeamPolicy<>, Cuda>>()","1","16","(1, 128, 1)","(1310720, 1, 1)","0","9.0","Command line profiler metrics","launch__registers_per_thread","register/thread","86"
"9","48450","benchmark_operators","127.0.0.1","void cuda_parallel_launch_constant_memory<ParallelFor<epsdivdiv_history::EpsilonDivDivKerngenV07SplitPaths<double, 3>::apply_impl(const linalg::VectorQ1Vec<double, 3> &, linalg::VectorQ1Vec<double, 3> &)::[lambda(const CudaTeamMember &) (instance 2)], TeamPolicy<>, Cuda>>()","1","16","(1, 128, 1)","(1310720, 1, 1)","0","9.0","Command line profiler metrics","launch__shared_mem_per_block_allocated","byte/block","9,984"
"9","48450","benchmark_operators","127.0.0.1","void cuda_parallel_launch_constant_memory<ParallelFor<epsdivdiv_history::EpsilonDivDivKerngenV07SplitPaths<double, 3>::apply_impl(const linalg::VectorQ1Vec<double, 3> &, linalg::VectorQ1Vec<double, 3> &)::[lambda(const CudaTeamMember &) (instance 2)], TeamPolicy<>, Cuda>>()","1","16","(1, 128, 1)","(1310720, 1, 1)","0","9.0","Command line profiler metrics","lts__t_bytes.sum","byte","377,020,857,984"
"9","48450","benchmark_operators","127.0.0.1","void cuda_parallel_launch_constant_memory<ParallelFor<epsdivdiv_history::EpsilonDivDivKerngenV07SplitPaths<double, 3>::apply_impl(const linalg::VectorQ1Vec<double, 3> &, linalg::VectorQ1Vec<double, 3> &)::[lambda(const CudaTeamMember &) (instance 2)], TeamPolicy<>, Cuda>>()","1","16","(1, 128, 1)","(1310720, 1, 1)","0","9.0","Command line profiler metrics","smsp__sass_thread_inst_executed_op_dadd_pred_on.sum","inst","13,453,230,080"
"9","48450","benchmark_operators","127.0.0.1","void cuda_parallel_launch_constant_memory<ParallelFor<epsdivdiv_history::EpsilonDivDivKerngenV07SplitPaths<double, 3>::apply_impl(const linalg::VectorQ1Vec<double, 3> &, linalg::VectorQ1Vec<double, 3> &)::[lambda(const CudaTeamMember &) (instance 2)], TeamPolicy<>, Cuda>>()","1","16","(1, 128, 1)","(1310720, 1, 1)","0","9.0","Command line profiler metrics","smsp__sass_thread_inst_executed_op_dfma_pred_on.sum","inst","162,041,692,160"
"9","48450","benchmark_operators","127.0.0.1","void cuda_parallel_launch_constant_memory<ParallelFor<epsdivdiv_history::EpsilonDivDivKerngenV07SplitPaths<double, 3>::apply_impl(const linalg::VectorQ1Vec<double, 3> &, linalg::VectorQ1Vec<double, 3> &)::[lambda(const CudaTeamMember &) (instance 2)], TeamPolicy<>, Cuda>>()","1","16","(1, 128, 1)","(1310720, 1, 1)","0","9.0","Command line profiler metrics","smsp__sass_thread_inst_executed_op_dmul_pred_on.sum","inst","89,511,690,240"
"10","48450","benchmark_operators","127.0.0.1","void cuda_parallel_launch_constant_memory<ParallelFor<epsdivdiv_history::EpsilonDivDivKerngenV08ScalarCoalesced<double, 3>::apply_impl(const linalg::VectorQ1Vec<double, 3> &, linalg::VectorQ1Vec<double, 3> &)::[lambda(const CudaTeamMember &) (instance 3)], TeamPolicy<>, Cuda>>()","1","16","(1, 256, 1)","(655360, 1, 1)","0","9.0","Command line profiler metrics","dram__bytes.sum","byte","14,782,321,664"
"10","48450","benchmark_operators","127.0.0.1","void cuda_parallel_launch_constant_memory<ParallelFor<epsdivdiv_history::EpsilonDivDivKerngenV08ScalarCoalesced<double, 3>::apply_impl(const linalg::VectorQ1Vec<double, 3> &, linalg::VectorQ1Vec<double, 3> &)::[lambda(const CudaTeamMember &) (instance 3)], TeamPolicy<>, Cuda>>()","1","16","(1, 256, 1)","(655360, 1, 1)","0","9.0","Command line profiler metrics","dram__bytes_read.sum","byte","9,812,790,528"
"10","48450","benchmark_operators","127.0.0.1","void cuda_parallel_launch_constant_memory<ParallelFor<epsdivdiv_history::EpsilonDivDivKerngenV08ScalarCoalesced<double, 3>::apply_impl(const linalg::VectorQ1Vec<double, 3> &, linalg::VectorQ1Vec<double, 3> &)::[lambda(const CudaTeamMember &) (instance 3)], TeamPolicy<>, Cuda>>()","1","16","(1, 256, 1)","(655360, 1, 1)","0","9.0","Command line profiler metrics","dram__bytes_write.sum","byte","4,969,531,136"
"10","48450","benchmark_operators","127.0.0.1","void cuda_parallel_launch_constant_memory<ParallelFor<epsdivdiv_history::EpsilonDivDivKerngenV08ScalarCoalesced<double, 3>::apply_impl(const linalg::VectorQ1Vec<double, 3> &, linalg::VectorQ1Vec<double, 3> &)::[lambda(const CudaTeamMember &) (instance 3)], TeamPolicy<>, Cuda>>()","1","16","(1, 256, 1)","(655360, 1, 1)","0","9.0","Command line profiler metrics","gpu__time_duration.sum","ns","43,132,992"
"10","48450","benchmark_operators","127.0.0.1","void cuda_parallel_launch_constant_memory<ParallelFor<epsdivdiv_history::EpsilonDivDivKerngenV08ScalarCoalesced<double, 3>::apply_impl(const linalg::VectorQ1Vec<double, 3> &, linalg::VectorQ1Vec<double, 3> &)::[lambda(const CudaTeamMember &) (instance 3)], TeamPolicy<>, Cuda>>()","1","16","(1, 256, 1)","(655360, 1, 1)","0","9.0","Command line profiler metrics","launch__registers_per_thread","register/thread","118"
"10","48450","benchmark_operators","127.0.0.1","void cuda_parallel_launch_constant_memory<ParallelFor<epsdivdiv_history::EpsilonDivDivKerngenV08ScalarCoalesced<double, 3>::apply_impl(const linalg::VectorQ1Vec<double, 3> &, linalg::VectorQ1Vec<double, 3> &)::[lambda(const CudaTeamMember &) (instance 3)], TeamPolicy<>, Cuda>>()","1","16","(1, 256, 1)","(655360, 1, 1)","0","9.0","Command line profiler metrics","launch__shared_mem_per_block_allocated","byte/block","17,536"
"10","48450","benchmark_operators","127.0.0.1","void cuda_parallel_launch_constant_memory<ParallelFor<epsdivdiv_history::EpsilonDivDivKerngenV08ScalarCoalesced<double, 3>::apply_impl(const linalg::VectorQ1Vec<double, 3> &, linalg::VectorQ1Vec<double, 3> &)::[lambda(const CudaTeamMember &) (instance 3)], TeamPolicy<>, Cuda>>()","1","16","(1, 256, 1)","(655360, 1, 1)","0","9.0","Command line profiler metrics","lts__t_bytes.sum","byte","251,830,090,624"
"10","48450","benchmark_operators","127.0.0.1","void cuda_parallel_launch_constant_memory<ParallelFor<epsdivdiv_history::EpsilonDivDivKerngenV08ScalarCoalesced<double, 3>::apply_impl(const linalg::VectorQ1Vec<double, 3> &, linalg::VectorQ1Vec<double, 3> &)::[lambda(const CudaTeamMember &) (instance 3)], TeamPolicy<>, Cuda>>()","1","16","(1, 256, 1)","(655360, 1, 1)","0","9.0","Command line profiler metrics","smsp__sass_thread_inst_executed_op_dadd_pred_on.sum","inst","17,408,983,040"
"10","48450","benchmark_operators","127.0.0.1","void cuda_parallel_launch_constant_memory<ParallelFor<epsdivdiv_history::EpsilonDivDivKerngenV08ScalarCoalesced<double, 3>::apply_impl(const linalg::VectorQ1Vec<double, 3> &, linalg::VectorQ1Vec<double, 3> &)::[lambda(const CudaTeamMember &) (instance 3)], TeamPolicy<>, Cuda>>()","1","16","(1, 256, 1)","(655360, 1, 1)","0","9.0","Command line profiler metrics","smsp__sass_thread_inst_executed_op_dfma_pred_on.sum","inst","73,662,464,000"
"10","48450","benchmark_operators","127.0.0.1","void cuda_parallel_launch_constant_memory<ParallelFor<epsdivdiv_history::EpsilonDivDivKerngenV08ScalarCoalesced<double, 3>::apply_impl(const linalg::VectorQ1Vec<double, 3> &, linalg::VectorQ1Vec<double, 3> &)::[lambda(const CudaTeamMember &) (instance 3)], TeamPolicy<>, Cuda>>()","1","16","(1, 256, 1)","(655360, 1, 1)","0","9.0","Command line profiler metrics","smsp__sass_thread_inst_executed_op_dmul_pred_on.sum","inst","44,580,208,640"
"11","48450","benchmark_operators","127.0.0.1","void cuda_parallel_launch_constant_memory<ParallelFor<epsdivdiv_history::EpsilonDivDivKerngenV09SeparateScatter<double, 3>::apply_impl(const linalg::VectorQ1Vec<double, 3> &, linalg::VectorQ1Vec<double, 3> &)::[lambda(const CudaTeamMember &) (instance 5)], TeamPolicy<LaunchBounds<128, 5>>, Cuda>, 128, 5>()","1","16","(1, 128, 1)","(1310720, 1, 1)","0","9.0","Command line profiler metrics","dram__bytes.sum","byte","13,766,189,824"
"11","48450","benchmark_operators","127.0.0.1","void cuda_parallel_launch_constant_memory<ParallelFor<epsdivdiv_history::EpsilonDivDivKerngenV09SeparateScatter<double, 3>::apply_impl(const linalg::VectorQ1Vec<double, 3> &, linalg::VectorQ1Vec<double, 3> &)::[lambda(const CudaTeamMember &) (instance 5)], TeamPolicy<LaunchBounds<128, 5>>, Cuda>, 128, 5>()","1","16","(1, 128, 1)","(1310720, 1, 1)","0","9.0","Command line profiler metrics","dram__bytes_read.sum","byte","9,699,130,112"
"11","48450","benchmark_operators","127.0.0.1","void cuda_parallel_launch_constant_memory<ParallelFor<epsdivdiv_history::EpsilonDivDivKerngenV09SeparateScatter<double, 3>::apply_impl(const linalg::VectorQ1Vec<double, 3> &, linalg::VectorQ1Vec<double, 3> &)::[lambda(const CudaTeamMember &) (instance 5)], TeamPolicy<LaunchBounds<128, 5>>, Cuda>, 128, 5>()","1","16","(1, 128, 1)","(1310720, 1, 1)","0","9.0","Command line profiler metrics","dram__bytes_write.sum","byte","4,067,059,712"
"11","48450","benchmark_operators","127.0.0.1","void cuda_parallel_launch_constant_memory<ParallelFor<epsdivdiv_history::EpsilonDivDivKerngenV09SeparateScatter<double, 3>::apply_impl(const linalg::VectorQ1Vec<double, 3> &, linalg::VectorQ1Vec<double, 3> &)::[lambda(const CudaTeamMember &) (instance 5)], TeamPolicy<LaunchBounds<128, 5>>, Cuda>, 128, 5>()","1","16","(1, 128, 1)","(1310720, 1, 1)","0","9.0","Command line profiler metrics","gpu__time_duration.sum","ns","29,571,200"
"11","48450","benchmark_operators","127.0.0.1","void cuda_parallel_launch_constant_memory<ParallelFor<epsdivdiv_history::EpsilonDivDivKerngenV09SeparateScatter<double, 3>::apply_impl(const linalg::VectorQ1Vec<double, 3> &, linalg::VectorQ1Vec<double, 3> &)::[lambda(const CudaTeamMember &) (instance 5)], TeamPolicy<LaunchBounds<128, 5>>, Cuda>, 128, 5>()","1","16","(1, 128, 1)","(1310720, 1, 1)","0","9.0","Command line profiler metrics","launch__registers_per_thread","register/thread","96"
"11","48450","benchmark_operators","127.0.0.1","void cuda_parallel_launch_constant_memory<ParallelFor<epsdivdiv_history::EpsilonDivDivKerngenV09SeparateScatter<double, 3>::apply_impl(const linalg::VectorQ1Vec<double, 3> &, linalg::VectorQ1Vec<double, 3> &)::[lambda(const CudaTeamMember &) (instance 5)], TeamPolicy<LaunchBounds<128, 5>>, Cuda>, 128, 5>()","1","16","(1, 128, 1)","(1310720, 1, 1)","0","9.0","Command line profiler metrics","launch__shared_mem_per_block_allocated","byte/block","9,984"
"11","48450","benchmark_operators","127.0.0.1","void cuda_parallel_launch_constant_memory<ParallelFor<epsdivdiv_history::EpsilonDivDivKerngenV09SeparateScatter<double, 3>::apply_impl(const linalg::VectorQ1Vec<double, 3> &, linalg::VectorQ1Vec<double, 3> &)::[lambda(const CudaTeamMember &) (instance 5)], TeamPolicy<LaunchBounds<128, 5>>, Cuda>, 128, 5>()","1","16","(1, 128, 1)","(1310720, 1, 1)","0","9.0","Command line profiler metrics","lts__t_bytes.sum","byte","128,298,734,656"
"11","48450","benchmark_operators","127.0.0.1","void cuda_parallel_launch_constant_memory<ParallelFor<epsdivdiv_history::EpsilonDivDivKerngenV09SeparateScatter<double, 3>::apply_impl(const linalg::VectorQ1Vec<double, 3> &, linalg::VectorQ1Vec<double, 3> &)::[lambda(const CudaTeamMember &) (instance 5)], TeamPolicy<LaunchBounds<128, 5>>, Cuda>, 128, 5>()","1","16","(1, 128, 1)","(1310720, 1, 1)","0","9.0","Command line profiler metrics","smsp__sass_thread_inst_executed_op_dadd_pred_on.sum","inst","17,408,983,040"
"11","48450","benchmark_operators","127.0.0.1","void cuda_parallel_launch_constant_memory<ParallelFor<epsdivdiv_history::EpsilonDivDivKerngenV09SeparateScatter<double, 3>::apply_impl(const linalg::VectorQ1Vec<double, 3> &, linalg::VectorQ1Vec<double, 3> &)::[lambda(const CudaTeamMember &) (instance 5)], TeamPolicy<LaunchBounds<128, 5>>, Cuda>, 128, 5>()","1","16","(1, 128, 1)","(1310720, 1, 1)","0","9.0","Command line profiler metrics","smsp__sass_thread_inst_executed_op_dfma_pred_on.sum","inst","67,622,666,240"
"11","48450","benchmark_operators","127.0.0.1","void cuda_parallel_launch_constant_memory<ParallelFor<epsdivdiv_history::EpsilonDivDivKerngenV09SeparateScatter<double, 3>::apply_impl(const linalg::VectorQ1Vec<double, 3> &, linalg::VectorQ1Vec<double, 3> &)::[lambda(const CudaTeamMember &) (instance 5)], TeamPolicy<LaunchBounds<128, 5>>, Cuda>, 128, 5>()","1","16","(1, 128, 1)","(1310720, 1, 1)","0","9.0","Command line profiler metrics","smsp__sass_thread_inst_executed_op_dmul_pred_on.sum","inst","50,620,006,400"
"12","48450","benchmark_operators","127.0.0.1","void cuda_parallel_launch_constant_memory<ParallelFor<epsdivdiv_history::EpsilonDivDivKerngenV10SeqRpasses<double, 3>::apply_impl(const linalg::VectorQ1Vec<double, 3> &, linalg::VectorQ1Vec<double, 3> &)::[lambda(const CudaTeamMember &) (instance 5)], TeamPolicy<LaunchBounds<128, 5>>, Cuda>, 128, 5>()","1","16","(1, 128, 1)","(655360, 1, 1)","0","9.0","Command line profiler metrics","dram__bytes.sum","byte","13,839,359,744"
"12","48450","benchmark_operators","127.0.0.1","void cuda_parallel_launch_constant_memory<ParallelFor<epsdivdiv_history::EpsilonDivDivKerngenV10SeqRpasses<double, 3>::apply_impl(const linalg::VectorQ1Vec<double, 3> &, linalg::VectorQ1Vec<double, 3> &)::[lambda(const CudaTeamMember &) (instance 5)], TeamPolicy<LaunchBounds<128, 5>>, Cuda>, 128, 5>()","1","16","(1, 128, 1)","(655360, 1, 1)","0","9.0","Command line profiler metrics","dram__bytes_read.sum","byte","9,709,515,520"
"12","48450","benchmark_operators","127.0.0.1","void cuda_parallel_launch_constant_memory<ParallelFor<epsdivdiv_history::EpsilonDivDivKerngenV10SeqRpasses<double, 3>::apply_impl(const linalg::VectorQ1Vec<double, 3> &, linalg::VectorQ1Vec<double, 3> &)::[lambda(const CudaTeamMember &) (instance 5)], TeamPolicy<LaunchBounds<128, 5>>, Cuda>, 128, 5>()","1","16","(1, 128, 1)","(655360, 1, 1)","0","9.0","Command line profiler metrics","dram__bytes_write.sum","byte","4,129,844,224"
"12","48450","benchmark_operators","127.0.0.1","void cuda_parallel_launch_constant_memory<ParallelFor<epsdivdiv_history::EpsilonDivDivKerngenV10SeqRpasses<double, 3>::apply_impl(const linalg::VectorQ1Vec<double, 3> &, linalg::VectorQ1Vec<double, 3> &)::[lambda(const CudaTeamMember &) (instance 5)], TeamPolicy<LaunchBounds<128, 5>>, Cuda>, 128, 5>()","1","16","(1, 128, 1)","(655360, 1, 1)","0","9.0","Command line profiler metrics","gpu__time_duration.sum","ns","28,460,672"
"12","48450","benchmark_operators","127.0.0.1","void cuda_parallel_launch_constant_memory<ParallelFor<epsdivdiv_history::EpsilonDivDivKerngenV10SeqRpasses<double, 3>::apply_impl(const linalg::VectorQ1Vec<double, 3> &, linalg::VectorQ1Vec<double, 3> &)::[lambda(const CudaTeamMember &) (instance 5)], TeamPolicy<LaunchBounds<128, 5>>, Cuda>, 128, 5>()","1","16","(1, 128, 1)","(655360, 1, 1)","0","9.0","Command line profiler metrics","launch__registers_per_thread","register/thread","96"
"12","48450","benchmark_operators","127.0.0.1","void cuda_parallel_launch_constant_memory<ParallelFor<epsdivdiv_history::EpsilonDivDivKerngenV10SeqRpasses<double, 3>::apply_impl(const linalg::VectorQ1Vec<double, 3> &, linalg::VectorQ1Vec<double, 3> &)::[lambda(const CudaTeamMember &) (instance 5)], TeamPolicy<LaunchBounds<128, 5>>, Cuda>, 128, 5>()","1","16","(1, 128, 1)","(655360, 1, 1)","0","9.0","Command line profiler metrics","launch__shared_mem_per_block_allocated","byte/block","16,512"
"12","48450","benchmark_operators","127.0.0.1","void cuda_parallel_launch_constant_memory<ParallelFor<epsdivdiv_history::EpsilonDivDivKerngenV10SeqRpasses<double, 3>::apply_impl(const linalg::VectorQ1Vec<double, 3> &, linalg::VectorQ1Vec<double, 3> &)::[lambda(const CudaTeamMember &) (instance 5)], TeamPolicy<LaunchBounds<128, 5>>, Cuda>, 128, 5>()","1","16","(1, 128, 1)","(655360, 1, 1)","0","9.0","Command line profiler metrics","lts__t_bytes.sum","byte","131,122,883,520"
"12","48450","benchmark_operators","127.0.0.1","void cuda_parallel_launch_constant_memory<ParallelFor<epsdivdiv_history::EpsilonDivDivKerngenV10SeqRpasses<double, 3>::apply_impl(const linalg::VectorQ1Vec<double, 3> &, linalg::VectorQ1Vec<double, 3> &)::[lambda(const CudaTeamMember &) (instance 5)], TeamPolicy<LaunchBounds<128, 5>>, Cuda>, 128, 5>()","1","16","(1, 128, 1)","(655360, 1, 1)","0","9.0","Command line profiler metrics","smsp__sass_thread_inst_executed_op_dadd_pred_on.sum","inst","17,408,983,040"
"12","48450","benchmark_operators","127.0.0.1","void cuda_parallel_launch_constant_memory<ParallelFor<epsdivdiv_history::EpsilonDivDivKerngenV10SeqRpasses<double, 3>::apply_impl(const linalg::VectorQ1Vec<double, 3> &, linalg::VectorQ1Vec<double, 3> &)::[lambda(const CudaTeamMember &) (instance 5)], TeamPolicy<LaunchBounds<128, 5>>, Cuda>, 128, 5>()","1","16","(1, 128, 1)","(655360, 1, 1)","0","9.0","Command line profiler metrics","smsp__sass_thread_inst_executed_op_dfma_pred_on.sum","inst","67,622,666,240"
"12","48450","benchmark_operators","127.0.0.1","void cuda_parallel_launch_constant_memory<ParallelFor<epsdivdiv_history::EpsilonDivDivKerngenV10SeqRpasses<double, 3>::apply_impl(const linalg::VectorQ1Vec<double, 3> &, linalg::VectorQ1Vec<double, 3> &)::[lambda(const CudaTeamMember &) (instance 5)], TeamPolicy<LaunchBounds<128, 5>>, Cuda>, 128, 5>()","1","16","(1, 128, 1)","(655360, 1, 1)","0","9.0","Command line profiler metrics","smsp__sass_thread_inst_executed_op_dmul_pred_on.sum","inst","50,620,006,400"
"13","48450","benchmark_operators","127.0.0.1","void cuda_parallel_launch_constant_memory<ParallelFor<EpsilonDivDivKerngen<double, 3>::apply_impl(const linalg::VectorQ1Vec<double, 3> &, linalg::VectorQ1Vec<double, 3> &)::[lambda(const CudaTeamMember &) (instance 5)], TeamPolicy<LaunchBounds<128, 6>>, Cuda>, 128, 6>()","1","16","(1, 128, 1)","(655360, 1, 1)","0","9.0","Command line profiler metrics","dram__bytes.sum","byte","14,384,328,192"
"13","48450","benchmark_operators","127.0.0.1","void cuda_parallel_launch_constant_memory<ParallelFor<EpsilonDivDivKerngen<double, 3>::apply_impl(const linalg::VectorQ1Vec<double, 3> &, linalg::VectorQ1Vec<double, 3> &)::[lambda(const CudaTeamMember &) (instance 5)], TeamPolicy<LaunchBounds<128, 6>>, Cuda>, 128, 6>()","1","16","(1, 128, 1)","(655360, 1, 1)","0","9.0","Command line profiler metrics","dram__bytes_read.sum","byte","9,766,109,952"
"13","48450","benchmark_operators","127.0.0.1","void cuda_parallel_launch_constant_memory<ParallelFor<EpsilonDivDivKerngen<double, 3>::apply_impl(const linalg::VectorQ1Vec<double, 3> &, linalg::VectorQ1Vec<double, 3> &)::[lambda(const CudaTeamMember &) (instance 5)], TeamPolicy<LaunchBounds<128, 6>>, Cuda>, 128, 6>()","1","16","(1, 128, 1)","(655360, 1, 1)","0","9.0","Command line profiler metrics","dram__bytes_write.sum","byte","4,618,218,240"
"13","48450","benchmark_operators","127.0.0.1","void cuda_parallel_launch_constant_memory<ParallelFor<EpsilonDivDivKerngen<double, 3>::apply_impl(const linalg::VectorQ1Vec<double, 3> &, linalg::VectorQ1Vec<double, 3> &)::[lambda(const CudaTeamMember &) (instance 5)], TeamPolicy<LaunchBounds<128, 6>>, Cuda>, 128, 6>()","1","16","(1, 128, 1)","(655360, 1, 1)","0","9.0","Command line profiler metrics","gpu__time_duration.sum","ns","30,106,432"
"13","48450","benchmark_operators","127.0.0.1","void cuda_parallel_launch_constant_memory<ParallelFor<EpsilonDivDivKerngen<double, 3>::apply_impl(const linalg::VectorQ1Vec<double, 3> &, linalg::VectorQ1Vec<double, 3> &)::[lambda(const CudaTeamMember &) (instance 5)], TeamPolicy<LaunchBounds<128, 6>>, Cuda>, 128, 6>()","1","16","(1, 128, 1)","(655360, 1, 1)","0","9.0","Command line profiler metrics","launch__registers_per_thread","register/thread","80"
"13","48450","benchmark_operators","127.0.0.1","void cuda_parallel_launch_constant_memory<ParallelFor<EpsilonDivDivKerngen<double, 3>::apply_impl(const linalg::VectorQ1Vec<double, 3> &, linalg::VectorQ1Vec<double, 3> &)::[lambda(const CudaTeamMember &) (instance 5)], TeamPolicy<LaunchBounds<128, 6>>, Cuda>, 128, 6>()","1","16","(1, 128, 1)","(655360, 1, 1)","0","9.0","Command line profiler metrics","launch__shared_mem_per_block_allocated","byte/block","16,512"
"13","48450","benchmark_operators","127.0.0.1","void cuda_parallel_launch_constant_memory<ParallelFor<EpsilonDivDivKerngen<double, 3>::apply_impl(const linalg::VectorQ1Vec<double, 3> &, linalg::VectorQ1Vec<double, 3> &)::[lambda(const CudaTeamMember &) (instance 5)], TeamPolicy<LaunchBounds<128, 6>>, Cuda>, 128, 6>()","1","16","(1, 128, 1)","(655360, 1, 1)","0","9.0","Command line profiler metrics","lts__t_bytes.sum","byte","139,757,302,464"
"13","48450","benchmark_operators","127.0.0.1","void cuda_parallel_launch_constant_memory<ParallelFor<EpsilonDivDivKerngen<double, 3>::apply_impl(const linalg::VectorQ1Vec<double, 3> &, linalg::VectorQ1Vec<double, 3> &)::[lambda(const CudaTeamMember &) (instance 5)], TeamPolicy<LaunchBounds<128, 6>>, Cuda>, 128, 6>()","1","16","(1, 128, 1)","(655360, 1, 1)","0","9.0","Command line profiler metrics","smsp__sass_thread_inst_executed_op_dadd_pred_on.sum","inst","24,423,956,480"
"13","48450","benchmark_operators","127.0.0.1","void cuda_parallel_launch_constant_memory<ParallelFor<EpsilonDivDivKerngen<double, 3>::apply_impl(const linalg::VectorQ1Vec<double, 3> &, linalg::VectorQ1Vec<double, 3> &)::[lambda(const CudaTeamMember &) (instance 5)], TeamPolicy<LaunchBounds<128, 6>>, Cuda>, 128, 6>()","1","16","(1, 128, 1)","(655360, 1, 1)","0","9.0","Command line profiler metrics","smsp__sass_thread_inst_executed_op_dfma_pred_on.sum","inst","59,273,379,840"
"13","48450","benchmark_operators","127.0.0.1","void cuda_parallel_launch_constant_memory<ParallelFor<EpsilonDivDivKerngen<double, 3>::apply_impl(const linalg::VectorQ1Vec<double, 3> &, linalg::VectorQ1Vec<double, 3> &)::[lambda(const CudaTeamMember &) (instance 5)], TeamPolicy<LaunchBounds<128, 6>>, Cuda>, 128, 6>()","1","16","(1, 128, 1)","(655360, 1, 1)","0","9.0","Command line profiler metrics","smsp__sass_thread_inst_executed_op_dmul_pred_on.sum","inst","43,924,848,640"
